,min,max,avg
canny,0.38752245903015137,0.7072858810424805,0.47754521369934083
roberts,0.15881872177124023,0.2257544994354248,0.1794746160507202
prewitt,0.2716658115386963,0.3612091541290283,0.3045694828033447
sobel,0.277987003326416,0.34654855728149414,0.3053287982940674
opencv,0.14948296546936035,0.1902782917022705,0.1618093490600586
skel_opencv,0.1512594223022461,0.19374632835388184,0.16451025009155273
skel_dnn,1.4243619441986084,2.818403720855713,1.8265997648239136
