,min,max,avg
canny,0.33303093910217285,0.7686805725097656,0.4708112239837646
roberts,0.15664362907409668,0.24605393409729004,0.1778203010559082
prewitt,0.27107977867126465,0.3751718997955322,0.3027946472167969
sobel,0.2718162536621094,0.6550614833831787,0.32954566478729247
opencv,0.14867424964904785,0.4709300994873047,0.20852377414703369
skel_opencv,0.447155237197876,1.6370906829833984,0.6518580436706543
skel_dnn,1.4346494674682617,3.2976198196411133,2.0723618507385253
