,min,max,avg
canny,0.02288055419921875,0.10359764099121094,0.058972179889678955
roberts,0.0190432071685791,0.04373598098754883,0.03020147482554118
prewitt,0.031853437423706055,0.08421182632446289,0.05077236890792847
sobel,0.020641088485717773,0.09887909889221191,0.05049688617388407
opencv,0.016835451126098633,0.09033441543579102,0.0337335467338562
skel_opencv,0.017687320709228516,0.09388947486877441,0.03569053610165914
skel_dnn,0.9652748107910156,3.736621618270874,1.6445467670758565
