,min,max,avg
canny,0.019304990768432617,0.08162903785705566,0.05459427833557129
roberts,0.011100530624389648,0.04762077331542969,0.028695801893870037
prewitt,0.01791834831237793,0.08648300170898438,0.04957174261411031
sobel,0.021729707717895508,0.08478736877441406,0.0469961961110433
opencv,0.011464834213256836,0.05064129829406738,0.027777413527170818
skel_opencv,0.03434276580810547,0.18526363372802734,0.08847222725550334
skel_dnn,0.6251533031463623,3.309244155883789,1.5665774742762248
