,min,max,avg
canny,0.1783003807067871,0.4642965793609619,0.25530220781053814
roberts,0.06874251365661621,0.1252303123474121,0.0852001394544329
prewitt,0.11754226684570312,0.22119426727294922,0.1424782191004072
sobel,0.11771297454833984,0.31127357482910156,0.1527398909841265
opencv,0.06686520576477051,0.21014738082885742,0.09011244773864746
skel_opencv,0.20844817161560059,1.2112252712249756,0.3068199242864336
skel_dnn,1.4087560176849365,3.457122802734375,2.042059302330017
