,min,max,avg
canny,53.512611627578735,72.60765314102173,62.97104839845137
roberts,22.283753871917725,54.270638942718506,25.88421409780329
prewitt,38.74912214279175,99.29611921310425,46.59445504708724
sobel,38.87391400337219,104.18673634529114,46.90169722383673
opencv,22.300122022628784,32.89301657676697,23.59927021373402
skel_opencv,65.3335452079773,88.35652112960815,69.00143772905523
skel_dnn,3.0844547748565674,4.215672731399536,3.2775777253237637
