,min,max,avg
canny,63.08670401573181,89.85280871391296,70.20639651471919
roberts,24.99392867088318,56.214349031448364,29.93062797459689
prewitt,43.66422629356384,66.4516429901123,46.998787359757856
sobel,44.26748847961426,52.40788006782532,46.22328721393239
opencv,22.547281742095947,26.58595585823059,23.511656631122936
skel_opencv,24.1280517578125,31.799715757369995,28.093188827688042
skel_dnn,2.447161912918091,3.9721970558166504,3.0894942717118696
total_time,2513.445266723633