,min,max,avg
canny,0.19624638557434082,0.43527889251708984,0.26962373086384367
roberts,0.06850218772888184,0.13829851150512695,0.08598823206765312
prewitt,0.11703872680664062,0.25483179092407227,0.1427205971309117
sobel,0.11720752716064453,0.30557990074157715,0.1444443804877145
opencv,0.06553030014038086,0.21071219444274902,0.0811665313584464
skel_opencv,0.14197683334350586,0.27582597732543945,0.1676827839442662
skel_dnn,1.4172065258026123,2.788616418838501,1.915346017905644
